	('CUUUUU', ['CUUUU', 'UCUUU', 'UUCUU', 'UUUCU', 'UUUUC'])	('UUUUU', ['GUUUU', 'UGUUU', 'UUGUU', 'UUUGU', 'UUUUG', 'UUUUU'])	('UUCC', ['UUCCU', 'UUUCC'])	('AUUUU[AU]', ['AUUUU', 'UAUUU', 'UUAUU', 'UUUAA', 'UUUAU', 'UUUUA'])	('GUAUU', ['GUAUU'])
-145	1.246516341525209	1.981251583481125	0.48137826197111727	1.8799087914872055	0.14694704839118317
-144	1.2059792247276413	1.996453002280213	0.47124398277172536	1.9609830250823408	0.14694704839118317
-143	1.1603749683303775	2.0825943754750442	0.4915125411705093	1.9609830250823408	0.1418799087914872
-142	1.1097035723334177	2.118064352672916	0.46110970357233344	1.9863187230808204	0.1418799087914872
-141	1.1097035723334177	2.209272865467444	0.4459082847732455	1.9660501646820367	0.1266784899923993
-140	1.1147707119331138	2.1484671902710923	0.4104383075753738	1.955915885482645	0.1266784899923993
-139	1.1147707119331138	2.16366860907018	0.38510260957689385	1.905244489485685	0.1317456295920953
-138	1.0945021535343298	2.1484671902710923	0.35469977197871805	1.8748416518875097	0.1317456295920953
-137	1.1603749683303775	2.0977957942741323	0.35976691157841395	1.819103116290854	0.11654421079300736
-136	1.1401064099315936	2.0065872814796046	0.3851026095768938	1.727894603496327	0.12161135039270335
-135	1.124904991132506	1.9863187230808212	0.4205725867747656	1.6772232074993672	0.12161135039270335
-134	1.1755763871294655	1.9305801874841655	0.4256397263744615	1.6265518115024071	0.11654421079300736
-133	1.2363820623258173	1.8039016974917665	0.45604256397263737	1.5961489739042312	0.11654421079300736
-132	1.236382062325817	1.7582974410945027	0.44084114517354944	1.6012161135039271	0.13681276919179125
-131	1.2617177603242968	1.7481631618951106	0.4256397263744615	1.6316189511021029	0.1317456295920953
-130	1.2769191791233847	1.7734988598935906	0.45097542437294147	1.646820369901191	0.1418799087914872
-129	1.2971877375221688	1.8292373954902463	0.46617684317202934	1.6873574866987586	0.1418799087914872
-128	1.266784899923993	1.9457816062832536	0.46617684317202934	1.7278946034963263	0.1418799087914872
-127	1.2110463643273373	2.0572586774765647	0.5117810995692931	1.7633645806941978	0.1266784899923993
-126	1.1755763871294653	2.118064352672916	0.5168482391689891	1.7430960222954142	0.11147707119331138
-125	1.1603749683303775	2.0673929566759566	0.5067139599695972	1.8089688370914618	0.10134279199391945
-124	1.0945021535343298	2.0572586774765647	0.532049657968077	1.8292373954902459	0.09627565239422349
-123	1.0995692931340257	2.0775272358753485	0.5269825183683811	1.8697745122878136	0.09627565239422349
-122	1.1097035723334179	2.067392956675957	0.5117810995692931	1.991385862680517	0.09120851279452752
-121	1.1451735495312896	2.0876615150747404	0.5067139599695971	2.153534329870788	0.09120851279452752
-120	1.1654421079300736	2.1940714466683557	0.46110970357233344	2.2143400050671396	0.08614137319483155
-119	1.251583481124905	2.2447428426653153	0.4104383075753738	2.2447428426653153	0.0962756523942235
-118	1.2971877375221688	2.3156827970610587	0.36990119077780603	2.2700785406637953	0.09627565239422349
-117	1.2819863187230809	2.3764884722574107	0.34456549277932613	2.2244742842665315	0.10134279199391946
-116	1.2262477831264254	2.4119584494552826	0.3141626551811504	2.2548771218647072	0.10134279199391946
-115	1.2059792247276415	2.4119584494552826	0.33949835317963023	2.295414238662275	0.10134279199391946
-114	1.1958449455282496	2.533569799847986	0.3546997719787181	2.3562199138586264	0.10134279199391946
-113	1.2363820623258173	2.5741069166455537	0.36990119077780603	2.4220927286546745	0.08614137319483155
-112	1.3934633899163924	2.655181150240689	0.4205725867747658	2.3916898910564983	0.07093995439574363
-111	1.5860146947048392	2.776792500633392	0.46617684317202956	2.2447428426653153	0.0760070939954396
-110	1.6417532303014948	2.868001013427919	0.45097542437294164	2.092728654674436	0.07093995439574363
-109	1.6772232074993667	2.776792500633392	0.48137826197111744	1.9609830250823408	0.060805675196351695
-108	1.7177603242969344	2.8122624778312635	0.49151254117050935	1.8140359766911576	0.07093995439574363
-107	1.672156067899671	2.7919939194324797	0.4307068659741577	1.7126931846972382	0.08614137319483155
-106	1.5860146947048395	2.761591081834304	0.40537116797567785	1.7126931846972382	0.09627565239422349
-105	1.6468203699011912	2.6754497086394724	0.4205725867747658	1.783633139092982	0.08614137319483155
-104	1.672156067899671	2.690651127438561	0.4357740055738537	1.8292373954902459	0.09120851279452752
-103	1.6772232074993672	2.6045097542437294	0.4459082847732456	1.8951102102862933	0.08107423359513558
-102	1.738028882695719	2.5437040790473775	0.48137826197111744	1.905244489485685	0.07093995439574365
-101	1.8444388142893344	2.462629845452242	0.4763111223714215	1.8900430706865972	0.06587281479604767
-100	1.8545730934887263	2.5234355206485937	0.4864454015708134	1.7887002786926778	0.0608056751963517
-99	1.8596402330884225	2.5791740562452494	0.47631112237142137	1.7887002786926778	0.0456042563972638
-98	1.8393716746896385	2.6095768938434256	0.4408411451735496	1.8495059538890295	0.04053711679756782
-97	1.808968837091463	2.5994426146440333	0.4357740055738537	1.9761844438814289	0.045604256397263794
-96	1.7076260450975433	2.624778312642513	0.4712439827717255	2.1079300734735242	0.040537116797567815
-95	1.6366860907017997	2.5741069166455532	0.4661768431720296	2.209272865467444	0.05067139599695976
-94	1.61135039270332	2.447428426653154	0.4256397263744619	2.275145680263491	0.05573853559665574
-93	1.5556118571066642	2.396757030656194	0.48137826197111755	2.1890043070686596	0.06587281479604769
-92	1.5353432987078803	2.361287053458322	0.5219153787686853	2.1636686090701795	0.06587281479604769
-91	1.575880415505448	2.3308842158601464	0.5523182163668612	2.052191537876868	0.10640993159361545
-90	1.6468203699011916	2.3156827970610587	0.5776539143653411	2.0572586774765638	0.1317456295920953
-89	1.6569546491005838	2.371421332657714	0.6435267291613888	1.9761844438814282	0.1672156067899671
-88	1.5606789967063601	2.411958449455282	0.6739295667595646	2.021788700278692	0.19255130478844693
-87	1.4694704839118327	2.45249556625285	0.6941981251583484	2.0572586774765638	0.18748416518875097
-86	1.4137319483151771	2.45249556625285	0.6536610083607807	2.0775272358753476	0.15201418799087918
-85	1.3883962503166971	2.467696985051938	0.6333924499619967	2.016721560678996	0.15708132759057516
-84	1.4187990879148729	2.4271598682543702	0.6029896123638209	1.9863187230808201	0.11654421079300739
-83	1.5860146947048397	2.3916898910564983	0.572586774765645	1.9305801874841646	0.08614137319483155
-82	1.697491765898151	2.432227007854066	0.5421839371674693	1.8292373954902452	0.08614137319483155
-81	1.783633139092983	2.4474284266531536	0.5725867747656451	1.8748416518875088	0.08107423359513558
-80	1.8647073726881185	2.3815556118571064	0.5776539143653412	1.9204459082847727	0.08107423359513558
-79	1.955915885482646	2.3866227514568026	0.5776539143653412	2.0116544210793004	0.09120851279452753
-78	2.0015201418799093	2.406891309855586	0.5675196351659493	2.021788700278692	0.10640993159361545
-77	2.077527235875349	2.366354193058018	0.5472510767671653	2.0673929566759557	0.11147707119331143
-76	2.1231314922726128	2.371421332657714	0.5573853559665572	2.0673929566759557	0.1165442107930074
-75	2.204205725867748	2.5082341018495056	0.5573853559665572	2.1180643526729157	0.10640993159361548
-74	2.219407144666836	2.589308335444641	0.5269825183683814	2.199138586268051	0.10640993159361548
-73	2.229541423866228	2.6957182670382567	0.5371167975677733	2.35115277425893	0.11147707119331145
-72	2.249809982265012	2.812262477831264	0.5472510767671653	2.4170255890549774	0.10640993159361548
-71	2.295414238662276	2.8984038510260954	0.5067139599695974	2.482898403851025	0.10134279199391949
-70	2.29034709906258	2.8882695718267035	0.4915125411705096	2.4930326830504175	0.10640993159361545
-69	2.285279959462884	2.9085381302254882	0.48644540157081356	2.5133012414492013	0.11654421079300739
-68	2.3156827970610596	2.852799594628832	0.47631112237142165	2.553838358246769	0.12161135039270335
-67	2.229541423866228	2.812262477831265	0.4611097035723336	2.6653154294400805	0.1469470483911832
-66	2.2143400050671405	2.786926779832785	0.5016468203699015	2.74132252343552	0.17228274638966307
-65	2.1129972130732204	2.791993919432481	0.5168482391689894	2.8680010134279192	0.16214846719027112
-64	2.1484671902710923	2.8071953382315686	0.572586774765645	2.8680010134279192	0.19255130478844693
-63	2.0825943754750447	2.913605269825184	0.6029896123638208	2.9186724094248797	0.19255130478844693
-62	2.1586014694704843	3.0352166202178874	0.6283253103623008	3.0048137826197108	0.20775272358753485
-61	2.1940714466683557	3.2429693438054215	0.5877881935647329	3.009880922219407	0.2128198631872308
-60	2.346085634659235	3.4101849505953887	0.5928553331644288	3.0706865974157584	0.20775272358753485
-59	2.4119584494552826	3.5064606029896126	0.5776539143653409	3.222700785406637	0.18241702558905498
-58	2.482898403851026	3.5926019761844445	0.5269825183683812	3.308842158601469	0.17228274638966307
-57	2.5538383582467694	3.628071953382316	0.5168482391689893	3.2987078794020777	0.16214846719027115
-56	2.5386369394476818	3.6635419305801884	0.5219153787686851	3.3392449961996453	0.15708132759057516
-55	2.432227007854066	3.7496833037750195	0.4915125411705093	3.2379022042057257	0.16214846719027115
-54	2.320749936660755	3.8712946541677224	0.46110970357233344	3.192297947808462	0.14187990879148726
-53	2.2599442614644034	3.8915632125665063	0.4813782619711174	3.1264251330124146	0.14187990879148726
-52	2.1940714466683557	3.982771725361034	0.4915125411705093	3.0554851786166712	0.13174562959209532
-51	2.16366860907018	3.967570306561946	0.47631112237142137	3.025082341018495	0.12667848999239936
-50	2.209272865467444	4.003040283759818	0.4915125411705093	3.096022295414239	0.1368127691917913
-49	2.2700785406637953	4.185457309348872	0.4915125411705093	3.096022295414239	0.15201418799087923
-48	2.315682797061059	4.448948568533063	0.4459082847732455	3.121357993412718	0.17734988598935908
-47	2.361287053458323	4.687104129718774	0.39523688877628577	3.2581707626045096	0.18241702558905507
-46	2.4828984038510264	4.889789713706612	0.4256397263744616	3.3696478337978206	0.21788700278692685
-45	2.472764124651634	5.051938180896883	0.4408411451735496	3.3949835317963006	0.2128198631872309
-44	2.4119584494552826	5.127945274892323	0.49657968077020537	3.4608563465923483	0.22295414238662287
-43	2.4575627058525464	5.138079554091715	0.5168482391689893	3.501393463389916	0.2128198631872309
-42	2.4322270078540664	5.158348112490499	0.562452495566253	3.476057765391436	0.24322270078540673
-41	2.381555611857107	5.234355206485938	0.5371167975677731	3.491259184190524	0.2330884215860148
-40	2.376488472257411	5.290093742082594	0.5168482391689893	3.5774005573853556	0.2584241195844947
-39	2.3714213326577154	5.305295160881682	0.4864454015708134	3.6179376741829237	0.25335697998479867
-38	2.376488472257411	5.376235115277426	0.5371167975677731	3.6635419305801875	0.2634912591841906
-37	2.4372941474537626	5.462376488472257	0.542183937167469	3.764884722574107	0.24828984038510268
-36	2.4220927286546745	5.4573093488725615	0.6181910311629085	3.881428933367115	0.23308842158601478
-35	2.538636939447682	5.442107930073473	0.6536610083607803	3.9321003293640744	0.21788700278692685
-34	2.62984545224221	5.558652140866481	0.6637952875601723	3.992906004560426	0.24322270078540673
-33	2.6095768938434256	5.746136306055232	0.6384595895616924	4.0942487965543455	0.23815556118571077
-32	2.6703825690397776	5.822143400050671	0.6080567519635165	4.124651634152522	0.25335697998479867
-31	2.8375981758297444	5.969090448441854	0.5421839371674689	4.0942487965543455	0.2786926779832785
-30	2.938940967823663	6.171776032429692	0.5067139599695972	4.149987332151001	0.2786926779832785
-29	3.085888016214846	6.262984545224219	0.5269825183683812	4.225994426146441	0.2736255383835825
-28	3.253103623004814	6.389663035216619	0.5675196351659488	4.220927286546744	0.28882695718267043
-27	3.3493792753990377	6.643020015201418	0.6131238915632127	4.220927286546744	0.26855839878388654
-26	3.4203192297947806	6.881175576387129	0.6536610083607803	4.246262984545224	0.26855839878388654
-25	3.445654927793261	7.063592601976184	0.6941981251583481	4.266531542944007	0.2837598175829745
-24	3.4608563465923488	7.225741069166455	0.7043324043577399	4.246262984545223	0.2786926779832785
-23	3.557131998986572	7.170002533569798	0.6739295667595641	4.246262984545223	0.2786926779832785
-22	3.5064606029896117	7.0787940207752715	0.7296681023562197	4.2868001013427905	0.2736255383835825
-21	3.435520648593868	6.962249809982263	0.7550038003546996	4.276665822143398	0.24828984038510266
-20	3.4811249049911317	6.825437040790473	0.7752723587534835	4.317202938940967	0.24828984038510268
-19	3.531796300988092	6.724094248796554	0.8056751963516593	4.383075753737015	0.23815556118571074
-18	3.562199138586268	6.815302761591082	0.846212313149227	4.41347859133519	0.23815556118571074
-17	3.6787433493792747	6.952115530782874	0.8411451735495309	4.352672916138839	0.23308842158601478
-16	3.744616164175322	7.230808208766152	0.8715480111477067	4.383075753737015	0.23815556118571077
-15	3.75981758297441	7.539903724347606	0.9475551051431463	4.327337218140359	0.2634912591841906
-14	3.8358246769698496	7.74765644793514	0.9678236635419303	4.317202938940967	0.2736255383835825
-13	3.9371674689637692	7.82366354193058	1.0235621991385861	4.276665822143398	0.2837598175829744
-12	4.104383075753736	7.8895363567266275	1.008360780339498	4.352672916138838	0.32429693438054225
-11	4.367874334937927	8.041550544717506	0.9931593615404102	4.49961996453002	0.3394983531796302
-10	4.641499873321509	8.406384595895616	0.9830250823410183	4.747909804915123	0.31922979478084623
-9	5.1836838104889775	9.33367114263998	1.01849505953889	5.138079554091713	0.36483405117810996
-8	5.518115024068912	10.103876361793768	0.9830250823410183	5.736002026855838	0.3293640739802382
-7	5.801874841651886	10.488978971370662	1.1401064099315934	6.278185964023306	0.30909551558145426
-6	5.817076260450974	10.21535343298708	1.3985305295160877	6.207246009627562	0.344565492779326
-5	5.43197365087408	9.17152267544971	1.5353432987078788	5.649860653661006	0.2989612363820623
-4	4.459082847732454	7.134532556371928	1.5860146947048386	4.580694198125156	0.22295414238662267
-3	3.486192044590827	5.1279452748923235	1.6873574866987582	3.2531036230048107	0.2381555611857106
-2	2.4372941474537604	3.3747149733975177	1.4998733215100075	1.8748416518875068	0.19255130478844687
-1	1.5606789967063572	2.0420572586774774	1.1502406891309853	0.9627565239422319	0.10134279199391938
0	1.0691664555358478	1.236382062325818	0.9019508487458827	0.43577400557385076	0.10134279199391938
1	0.8056751963516573	0.9374208259437558	0.7600709399543956	0.23815556118570785	0.10134279199391938
2	0.7347352419559137	0.8006080567519644	0.6232581707626043	0.15708132759057228	0.0810742335951355
3	0.7398023815556096	0.739802381555613	0.5928553331644284	0.17734988598935614	0.11147707119331134
4	0.7955409171522652	0.7904737775525726	0.6232581707626043	0.2634912591841877	0.1368127691917912
5	0.8664808715480088	0.9019508487458842	0.663795287560172	0.34456549277932325	0.14187990879148718
6	1.013427919939192	1.0590321763364592	0.6384595895616922	0.4459082847732426	0.13681276919179122
7	1.150240689130983	1.2262477831264262	0.6131238915632122	0.557385355966554	0.11654421079300732
8	1.363060552318214	1.3985305295160895	0.6384595895616922	0.6435267291613855	0.08614137319483148
9	1.5150747403090932	1.6113503927033208	0.6789967063592599	0.7296681023562172	0.060805675196351626
10	1.6113503927033164	1.8647073726881191	0.6283253103623001	0.8056751963516569	0.04560425639726371
11	1.68229034709906	2.0420572586774783	0.6333924499619961	0.9070179883455763	0.050671395996959676
12	1.7329617430960198	2.1940714466683575	0.6992652647580437	1.0488978971370635	0.060805675196351626
13	1.702558905497844	2.3308842158601486	0.7246009627565236	1.1857106663288548	0.060805675196351626
14	1.672156067899668	2.3714213326577167	0.7296681023562196	1.1806435267291588	0.06587281479604759
15	1.6924246262984521	2.3004813782619733	0.7904737775525714	1.1451735495312871	0.07093995439574358
16	1.5860146947048368	2.2802128198631895	0.7955409171522673	1.1046364327337193	0.06080567519635164
17	1.550544717506965	2.2903470990625814	0.7651380795540914	0.9982265011401038	0.0658728147960476
18	1.5100076007093972	2.2903470990625814	0.7499366607550036	0.9323536863440562	0.0658728147960476
19	1.4694704839118296	2.285279959462885	0.7144666835571318	0.9728908031416239	0.07600709399543955
20	1.4340005067139576	2.2650114010641014	0.7144666835571318	1.0691664555358473	0.08107423359513552
21	1.4897390423106134	2.1890043070686622	0.7448695211553076	1.1198378515328071	0.08107423359513552
22	1.4948061819103091	2.1079300734735265	0.7499366607550035	1.1857106663288548	0.07600709399543956
23	1.540410438307573	2.001520141879911	0.7398023815556116	1.2161135039270305	0.0861413731948315
24	1.6062832531036204	1.900177349885992	0.7144666835571317	1.2414492019255103	0.07600709399543956
25	1.6265518115024045	1.8647073726881203	0.7144666835571318	1.2211806435267265	0.0658728147960476
26	1.672156067899668	1.8444388142893366	0.7043324043577398	1.2161135039270305	0.07600709399543955
27	1.68229034709906	1.814035976691161	0.67899670635926	1.1755763871294629	0.07093995439574358
28	1.672156067899668	1.8191031162908566	0.6637952875601721	1.135039270331895	0.0658728147960476
29	1.6214846719027087	1.7887002786926807	0.6891309855586519	1.0793007347352392	0.0658728147960476
30	1.560678996706357	1.7329617430960247	0.668862427159868	1.1147707119331112	0.07600709399543956
31	1.4593362047124372	1.7076260450975447	0.6333924499619962	1.135039270331895	0.08107423359513553
32	1.373194831517606	1.6924246262984568	0.6232581707626043	1.1907778059285508	0.07600709399543956
33	1.2921205979224701	1.621484671902713	0.5928553331644284	1.2363820623258146	0.08107423359513553
34	1.271852039523686	1.6164175323030168	0.5776539143653405	1.3377248543197342	0.08107423359513555
35	1.2769191791233823	1.646820369901193	0.5776539143653405	1.357993412718518	0.0861413731948315
36	1.2819863187230782	1.646820369901193	0.5776539143653405	1.357993412718518	0.0861413731948315
37	1.2313149227261184	1.6366860907018008	0.5371167975677726	1.3782619711173019	0.09120851279452749
38	1.1857106663288548	1.6721560678996727	0.5168482391689888	1.3681276919179102	0.11147707119331138
39	1.140106409931591	1.6569546491005849	0.4915125411705089	1.388396250316694	0.1418799087914872
40	1.1198378515328071	1.6417532303014972	0.4509754243729411	1.4492019255130455	0.14694704839118317
41	1.160374968330375	1.7177603242969368	0.4256397263744612	1.525209019508485	0.14694704839118317
42	1.2617177603242944	1.8039016974917683	0.4408411451735491	1.540410438307573	0.18241702558905498
43	1.3529262731188219	1.8951102102862958	0.450975424372941	1.6113503927033164	0.177349885989359
44	1.4441347859133493	2.0065872814796073	0.450975424372941	1.5860146947048368	0.177349885989359
45	1.449201925513045	2.0927286546744392	0.48137826197111694	1.560678996706357	0.177349885989359
46	1.418799087914869	2.077527235875351	0.48644540157081295	1.5201418799087894	0.18748416518875094
47	1.3934633899163893	2.0015201418799116	0.47631112237142104	1.4745376235115255	0.1621484671902711
48	1.3377248543197335	1.9457816062832556	0.48137826197111694	1.3934633899163902	0.16721560678996705
49	1.281986318723078	1.9052444894856877	0.4763111223714209	1.2819863187230787	0.177349885989359
50	1.287053458322774	1.8697745122878158	0.4256397263744612	1.1907778059285512	0.18748416518875094
51	1.287053458322774	1.8900430706865996	0.41550544717506915	1.1654421079300714	0.18241702558905498
52	1.261717760324294	1.9407144666835592	0.41550544717506915	1.1857106663288552	0.177349885989359
53	1.24144920192551	2.0167215606789988	0.42563972637446107	1.2414492019255108	0.1570813275905751
54	1.221180643526726	2.042057258677479	0.46110970357233294	1.398530529516086	0.13174562959209526
55	1.226247783126422	2.112997213073222	0.47124398277172486	1.4694704839118296	0.11654421079300734
56	1.1502406891309824	2.1332657714720065	0.456042563972637	1.5100076007093972	0.1216113503927033
57	1.1299721307321984	2.209272865467446	0.4661768431720289	1.555611857106661	0.14187990879148718
58	1.1299721307321984	2.2751456802634933	0.456042563972637	1.5910818343045328	0.15708132759057508
59	1.1249049911325026	2.3967570306561967	0.41550544717506915	1.6164175323030125	0.15708132759057508
60	1.0640993159361511	2.437294147453765	0.40537116797567724	1.6822903470990602	0.18748416518875094
61	1.094502153534327	2.5133012414492044	0.4307068659741571	1.6974917658981483	0.18241702558905498
62	1.1046364327337188	2.49303268305042	0.4307068659741571	1.7329617430960198	0.18748416518875094
63	1.094502153534327	2.4879655434507244	0.450975424372941	1.6822903470990602	0.15708132759057514
64	1.1147707119331107	2.3866227514568052	0.4712439827717249	1.6822903470990602	0.15708132759057514
65	1.1857106663288541	2.381555611857109	0.49657968077020476	1.6822903470990602	0.1317456295920953
66	1.3022548771218614	2.3410184950595414	0.4661768431720289	1.672156067899668	0.13681276919179125
67	1.373194831517605	2.3663541930580214	0.4712439827717249	1.70762604509754	0.11654421079300734
68	1.4998733215100042	2.3815556118571095	0.4408411451735491	1.7836331390929796	0.1216113503927033
69	1.5708132759057478	2.482898403851029	0.41550544717506926	1.8596402330884192	0.1216113503927033
70	1.6164175323030114	2.518368381048901	0.3901697491765894	1.8647073726881154	0.12667848999239928
71	1.636686090701795	2.569039777045861	0.4256397263744612	1.8241702558905473	0.11654421079300734
72	1.6924246262984508	2.574106916645557	0.40537116797567724	1.7228274638966279	0.11654421079300734
73	1.6974917658981468	2.6095768938434283	0.4003040283759812	1.687357486698756	0.13174562959209526
74	1.7380288826957149	2.6754497086394755	0.4053711679756772	1.530276159108181	0.12667848999239928
75	1.7734988598935868	2.741322523435523	0.39523688877628516	1.4441347859133498	0.10640993159361538
76	1.7785659994932828	2.7666582214340028	0.3851026095768932	1.4745376235115255	0.10640993159361538
77	1.727894603496323	2.7615910818343066	0.435774005573853	1.5049404611097015	0.09120851279452746
78	1.6670889282999712	2.670382569039779	0.43070686597415697	1.5049404611097017	0.08614137319483148
79	1.5708132759057478	2.508234101849508	0.3851026095768933	1.5860146947048372	0.09627565239422343
80	1.4644033443121323	2.3359513554598452	0.36990119077780537	1.6670889282999728	0.09627565239422345
81	1.4542690651127406	2.1788700278692703	0.3546997719787175	1.7076260450975407	0.09627565239422345
82	1.4137319483151727	2.0977957942741345	0.29389409678236583	1.7633645806941964	0.1216113503927033
83	1.4238662275145646	2.092728654674439	0.3344312135799336	1.7836331390929803	0.11147707119331134
84	1.4644033443121327	2.2498099822650137	0.39523688877628527	1.7582974410945007	0.1165442107930073
85	1.5404104383075723	2.4068913098555886	0.445908284773245	1.7734988598935886	0.15201418799087912
86	1.5353432987078761	2.6197111730428193	0.4661768431720289	1.8292373954902441	0.15201418799087912
87	1.58094755510514	2.7767925006333942	0.5067139599695968	1.844438814289332	0.16721560678996705
88	1.5809475551051402	2.8527995946288343	0.466176843172029	1.9204459082847716	0.18241702558905498
89	1.596148973904228	2.746389663035219	0.44084114517354916	1.9913858626805152	0.18748416518875097
90	1.601216113503924	2.6450468710412998	0.4509754243729412	1.9711173042817314	0.19761844438814294
91	1.6316189511020998	2.5133012414492044	0.4408411451735493	1.9153787686850756	0.20268558398783892
92	1.6873574866987557	2.437294147453765	0.43070686597415725	1.8697745122878118	0.19255130478844698
93	1.7076260450975393	2.3410184950595414	0.466176843172029	1.7937674182923722	0.21281986318723084
94	1.646820369901188	2.3612870534583252	0.48137826197111694	1.839371674689636	0.20775272358753485
95	1.5961489739042283	2.371421332657717	0.43577400557385315	1.8849759310868996	0.177349885989359
96	1.5505447175069649	2.3866227514568052	0.43577400557385315	1.9255130478844678	0.17734988598935897
97	1.4694704839118293	2.4018241702558933	0.4307068659741572	1.9508487458829475	0.16214846719027107
98	1.4441347859133493	2.427159868254373	0.39523688877628543	1.9964530022802112	0.15708132759057508
99	1.4644033443121331	2.4474284266531567	0.39016974917658953	1.9508487458829475	0.14694704839118317
100	1.4289333671142614	2.4980998226501163	0.4053711679756775	1.9863187230808195	0.15708132759057508
101	1.3833291107169976	2.6095768938434274	0.42057258677476544	2.026855839878387	0.16214846719027104
102	1.3326577147200378	2.6399797314416036	0.39016974917658953	2.047124398277171	0.16721560678996703
103	1.3275905751203418	2.695718267038259	0.4104383075753734	2.021788700278691	0.15201418799087912
104	1.29212059792247	2.7007854066379546	0.36990119077780564	1.9660501646820354	0.14187990879148718
105	1.2971877375221659	2.7058525462376504	0.38003546997719756	1.9153787686850756	0.14694704839118317
106	1.276919179123382	2.6906511274385627	0.3597669115784136	1.844438814289332	0.13174562959209526
107	1.307322016721558	2.721053965036738	0.3597669115784136	1.824170255890548	0.13174562959209526
108	1.3123891563212542	2.8274638966303534	0.3749683303775016	1.7887002786926764	0.11654421079300734
109	1.3377248543197342	2.873068153027617	0.42057258677476533	1.7937674182923722	0.1216113503927033
110	1.3377248543197342	2.949075247023057	0.4104383075753734	1.7734988598935881	0.12667848999239928
111	1.3985305295160857	2.9693438054218406	0.39016974917658953	1.753230301494804	0.13681276919179122
112	1.4542690651127415	3.0200152014188006	0.43070686597415725	1.753230301494804	0.12667848999239925
113	1.4998733215100053	3.080820876615152	0.42057258677476533	1.743096022295412	0.14187990879148718
114	1.540410438307573	3.1517608310108955	0.41550544717506943	1.773498859893588	0.14694704839118314
115	1.5758804155054444	3.202432227007855	0.4357740055738534	1.743096022295412	0.1165442107930073
116	1.530276159108181	3.258170762604511	0.5219153787686849	1.7582974410944998	0.1317456295920952
117	1.5252090195084849	3.2632379022042075	0.5168482391689888	1.7228274638966279	0.1520141879908791
118	1.4897390423106132	3.1568279706105917	0.5320496579680768	1.7329617430960202	0.15708132759057508
119	1.4998733215100049	3.0554851786166726	0.5472510767671647	1.753230301494804	0.17228274638966298
120	1.5809475551051404	2.9237395490245772	0.5371167975677728	1.8495059538890277	0.18748416518875088
121	1.6974917658981474	2.797061059032178	0.45604256397263726	1.9508487458829475	0.15708132759057505
122	1.7278946034963234	2.7463896630352185	0.4307068659741574	2.0977957942741305	0.17228274638966298
123	1.7582974410944991	2.7666582214340023	0.3851026095768937	2.2447428426653135	0.17734988598935897
124	1.7278946034963234	2.8223967570306585	0.3546997719787178	2.310615657461361	0.15708132759057508
125	1.7177603242969315	2.8325310362300504	0.3597669115784138	2.335951355459841	0.14187990879148715
126	1.6924246262984517	2.8882695718267057	0.35469977197871777	2.3562199138586246	0.15708132759057508
127	1.662021788700276	2.873068153027618	0.34456549277932585	2.3359513554598403	0.13681276919179117
128	1.662021788700276	2.822396757030658	0.3699011907778057	2.3460856346592323	0.12161135039270325
129	1.7076260450975398	2.78185964023309	0.39523688877628554	2.3562199138586246	0.1165442107930073
130	1.6721560678996679	2.83253103623005	0.3800354699771976	2.3410184950595365	0.12161135039270325
131	1.646820369901188	2.8122624778312657	0.3952368887762856	2.2903470990625765	0.14187990879148712
132	1.6924246262984517	2.8375981758297457	0.44590828477324534	2.2396757030656174	0.14187990879148712
133	1.6924246262984517	2.8527995946288334	0.4307068659741574	2.1636686090701778	0.14694704839118308
134	1.6974917658981474	2.903470990625793	0.41043830757537353	2.0724600962756505	0.15708132759057503
135	1.6518875095008838	2.908538130225489	0.4053711679756775	2.0471243982771705	0.16721560678996697
136	1.601216113503924	2.9440081074233606	0.38003546997719767	2.001520141879907	0.13681276919179114
137	1.4948061819103085	2.9389409678236644	0.33443121357993394	2.0319229794780833	0.1266784899923992
138	1.444134785913349	2.873068153027617	0.319229794780846	2.001520141879907	0.15201418799087904
139	1.3630605523182138	2.7413225234355223	0.31416265518115005	1.9559158854826435	0.18748416518875086
140	1.357993412718518	2.5994426146440355	0.3141626551811501	1.9457816062832514	0.20775272358753477
141	1.388396250316694	2.482898403851028	0.34963263237902187	1.9559158854826435	0.22295414238662267
142	1.3883962503166938	2.3612870534583243	0.3952368887762856	1.9001773498859875	0.22295414238662267
143	1.4086648087154776	2.2903470990625805	0.4763111223714211	1.8951102102862918	0.21281986318723073
144	1.4390676463136534	2.249809982265013	0.5523182163668606	1.9711173042817314	0.18241702558905487
145	1.4441347859133495	2.2295414238662294	0.5675196351659485	2.006587281479603	0.162148467190271
146	1.4745376235115253	2.1586014694704856	0.5827210539650365	2.0521915378768667	0.14694704839118308
147	1.560678996706357	2.1586014694704856	0.5523182163668606	2.072460096275651	0.13681276919179114
148	1.6012161135039247	2.168735748669878	0.5016468203699009	2.036990119077779	0.12161135039270324
149	1.5758804155054447	2.2498099822650133	0.45097542437294125	1.9660501646820354	0.13174562959209518
150	1.5860146947048368	2.2852799594628848	0.4408411451735493	1.900177349885988	0.15708132759057503
151	1.5505447175069649	2.3866227514568044	0.4459082847732452	1.8241702558905484	0.1976184443881428
