	('UUUUU', ['AUUUU', 'GUUUU', 'UAUUU', 'UGUUU', 'UUAUU', 'UUCUU', 'UUGUU', 'UUUAU', 'UUUUA', 'UUUUU'])	('UUUUU_1', ['CUUUU', 'UUUCU', 'UUUGU', 'UUUUC', 'UUUUG'])	('GGCGG', ['GGCGG'])	('GUCUC', ['GGUCU', 'GUCUC', 'UCUCG'])	('GAGAC', ['GAGAC'])
-145	2.5332830946998244	1.1630243657372519	0.20472243154986183	0.31273549359457425	0.10298919869379555
-144	2.5747299673448882	1.1266013564431048	0.20095453403667415	0.3353428786737001	0.10424516453152474
-143	2.5797538306958048	1.1140416980658128	0.1971866365234865	0.3541823662396383	0.1004772670183371
-142	2.579753830695805	1.0926902788244162	0.20095453403667415	0.3705099221301181	0.09922130118060789
-141	2.5885455915599094	1.1165536297412713	0.20221049987440337	0.364230092941472	0.10801306204471237
-140	2.6048731474503897	1.1115297663903543	0.1959306706857573	0.3742778196433057	0.10424516453152473
-139	2.618688771665411	1.1065059030394377	0.19969856819894496	0.3705099221301181	0.10173323285606631
-138	2.6048731474503897	1.1240894247676465	0.19090680733484047	0.3554383320773675	0.10424516453152473
-137	2.5734740015071593	1.1780959557900026	0.18713890982165282	0.33408691283597086	0.11429289123335844
-136	2.535795026375283	1.180607887465461	0.1871389098216528	0.3353428786737001	0.11680482290881686
-135	2.4968600854056775	1.1768399899522737	0.188394875659382	0.3089675960813866	0.13187641296156744
-134	2.4541572469228843	1.2245666917859837	0.18085908063300674	0.28887214267771916	0.1394122079879427
-133	2.4554132127606136	1.2245666917859837	0.19090680733484044	0.2825923134890731	0.13313237879929665
-132	2.4843004270283853	1.1956794775182116	0.19844260236121572	0.2913840743531776	0.11554885707108764
-131	2.4755086661642807	1.1843757849786487	0.19216277317256963	0.28510424516453153	0.11680482290881686
-130	2.457925144436072	1.1667922632504397	0.1871389098216528	0.2938960060286361	0.1105249937201708
-129	2.489324290379302	1.144184878171314	0.19090680733484042	0.2913840743531776	0.10550113036925393
-128	2.494348153730219	1.116553629741271	0.18462697814619436	0.28133634765134385	0.10173323285606628
-127	2.5119316754584275	1.1203215272544587	0.17834714895754827	0.276312484300427	0.10675709620698315
-126	2.562170308967596	1.1002260738507912	0.17709118311981906	0.2788244159758854	0.10173323285606628
-125	2.602361215774931	1.1441848781713138	0.18713890982165277	0.26626475759859325	0.09419743782969099
-124	2.57221803566943	1.146696809846772	0.19341873901029885	0.27003265511178093	0.09670936950514943
-123	2.5521225822657625	1.1843757849786485	0.20346646571213256	0.276312484300427	0.09545340366742021
-122	2.554634513941221	1.164280331574981	0.2084903290630494	0.29389600602863597	0.09545340366742021
-121	2.5646822406430547	1.1592564682240643	0.2160261240894247	0.2888721426777191	0.08791760864104493
-120	2.5332830946998244	1.1353931173072092	0.21225822657623708	0.3165033911077618	0.09168550615423257
-119	2.5270032655111785	1.1429289123335844	0.21225822657623708	0.33283094699824156	0.094197437829691
-118	2.5433308214016583	1.1278573222808337	0.20095453403667415	0.34915850288872136	0.0954534036674202
-117	2.52449133383572	1.1391610148203966	0.19090680733484047	0.34036674202461686	0.09419743782969099
-116	2.4868123587038435	1.1755840241145439	0.19844260236121575	0.3428786737000753	0.09922130118060783
-115	2.5395629238884707	1.1554885707108764	0.19844260236121578	0.3391107761868877	0.0954534036674202
-114	2.579753830695806	1.1868877166541068	0.18713890982165288	0.32906304948505394	0.08414971112785725
-113	2.6488319517709127	1.2295905551369	0.1796031147952776	0.3064556644059281	0.0791258477769404
-112	2.695302687766894	1.2660135644310473	0.17709118311981917	0.28133634765134385	0.08289374529012802
-111	2.676463200200956	1.3074604370761111	0.1632755589047978	0.2725445867872393	0.0803818136146696
-110	2.619944737503141	1.377794523988947	0.1519718663652349	0.25119316754584264	0.0791258477769404
-109	2.602361215774932	1.3426274805325291	0.1519718663652349	0.25370509922130113	0.09042954031650331
-108	2.5332830946998253	1.3262999246420495	0.15950766139161018	0.2599849284099472	0.0979653353428786
-107	2.4981160512434073	1.335091685506154	0.158251695553881	0.2712886209495101	0.09922130118060782
-106	2.5056518462697825	1.3137402662647575	0.16578749058025627	0.2800803818136146	0.09670936950514938
-105	2.5420748555639294	1.3036925395629237	0.17457925144436076	0.276312484300427	0.09168550615423252
-104	2.5722180356694304	1.3388595830193417	0.1846269781461945	0.26500879176086406	0.08540567696558646
-103	2.642552122582266	1.3438834463702585	0.1770911831198192	0.27003265511178093	0.0816377794523988
-102	2.6538558151218288	1.3551871389098211	0.16829942225571468	0.2838482793268023	0.07410198442602353
-101	2.6287364983672448	1.384074353177593	0.1632755589047978	0.2851042451645315	0.06656618939964824
-100	2.5759859331826176	1.3652348656116549	0.15197186636523488	0.30394373273046965	0.06531022356191904
-99	2.5508666164280336	1.2974127103742774	0.1431801055011304	0.3051996985681989	0.06531022356191903
-98	2.4968600854056775	1.2697814619442347	0.14066817382567193	0.2926400401909068	0.06405425772418981
-97	2.459181110273801	1.2258226576237123	0.14820396885204723	0.28384827932680234	0.06531022356191903
-96	2.4893242903793023	1.183119819140919	0.14192413966340117	0.2612408942476765	0.07284601858829431
-95	2.5182115046470743	1.160512434061793	0.14694800301431804	0.24114544084400907	0.08038181361466959
-94	2.4893242903793023	1.1956794775182111	0.15573976387842253	0.24365737251946745	0.0715900527505651
-93	2.503139914594324	1.1755840241145437	0.15699572971615172	0.2398894750062798	0.07033408691283587
-92	2.5131876412961573	1.1994473750313985	0.1582516955538809	0.2398894750062798	0.06279829188646059
-91	2.4993720170811367	1.218286862597337	0.15573976387842248	0.25370509922130113	0.06656618939964823
-90	2.5119316754584284	1.2157749309218786	0.14066817382567193	0.25370509922130113	0.06656618939964823
-89	2.5056518462697825	1.2069831700577742	0.12685254961065057	0.26375282592313487	0.06531022356191901
-88	2.490580256217032	1.2145189650841495	0.13438834463702587	0.2863602110022607	0.06656618939964823
-87	2.5182115046470743	1.1806078874654606	0.13941220798794274	0.30268776689274046	0.07912584777694036
-86	2.562170308967597	1.1567445365486055	0.13313237879929668	0.31901532278322026	0.082893745290128
-85	2.5596583772921386	1.1554885707108762	0.13941220798794274	0.3303190153227832	0.07912584777694034
-84	2.592313489073098	1.178095955790002	0.14066817382567195	0.3340869128359708	0.09042954031650327
-83	2.6073850791258484	1.1919115800050233	0.1268525496106506	0.3265511178095955	0.0929414719919617
-82	2.6023612157749314	1.224566691785983	0.11680482290881689	0.3190153227832202	0.09670936950514934
-81	2.616176839989953	1.2295905551368995	0.12057272042200451	0.3278070836473247	0.09670936950514933
-80	2.640040190906808	1.2697814619442345	0.11429289123335844	0.3353428786737	0.10801306204471225
-79	2.6839989952273307	1.2785732228083388	0.11178095955790002	0.32027128862094945	0.11429289123335833
-78	2.7317256970610413	1.3024365737251937	0.12559658377292138	0.31524742527003263	0.11303692539562911
-77	2.7518211504647083	1.328811856317507	0.12434061793519216	0.30519969856819895	0.11680482290881675
-76	2.731725697061041	1.3677467972871131	0.12559658377292138	0.29012810851544835	0.11303692539562912
-75	2.7706606380306464	1.3853303190153223	0.13815624215021352	0.28259231348907304	0.10801306204471228
-74	2.8121075106757103	1.3853303190153223	0.1456920371765888	0.30268776689274046	0.09545340366742014
-73	2.8334589299171067	1.401657874905802	0.13815624215021352	0.311479527756845	0.09796533534287856
-72	2.8811856317508164	1.443104747550866	0.13941220798794274	0.32529515197186637	0.07661391610148192
-71	2.946495855312736	1.495855312735493	0.13941220798794274	0.32529515197186637	0.07033408691283585
-70	2.9351921627731734	1.5473499120823906	0.1431801055011304	0.329063049485054	0.06279829188646058
-69	2.9552876161768404	1.562421502135141	0.14192413966340117	0.31524742527003263	0.065310223561919
-68	2.9665913087164033	1.5850288872142668	0.14694800301431804	0.3064556644059281	0.05777442853554372
-67	2.982918864606883	1.5548857071087656	0.15573976387842253	0.2888721426777191	0.06279829188646058
-66	3.0105501130369254	1.551117809595578	0.1607636272293394	0.28384827932680223	0.06907812107510665
-65	3.0620447123838237	1.487063551871388	0.15699572971615178	0.27882441597588536	0.07661391610148192
-64	3.0620447123838237	1.5184626978146183	0.158251695553881	0.2851042451645315	0.08791760864104484
-63	3.0821401657874907	1.5209746294900768	0.15448379804069337	0.2976639035418236	0.10675709620698304
-62	3.138658628485305	1.5209746294900768	0.14443607133885966	0.30771163024365733	0.11178095955789988
-61	3.1775935694549107	1.4895754835468467	0.14318010550113044	0.3102235619191157	0.10801306204471224
-60	3.229088168801808	1.533534287867369	0.14318010550113044	0.3102235619191157	0.10550113036925379
-59	3.3006782215523733	1.5498618437578486	0.13187641296156755	0.2976639035418236	0.08917357447877401
-58	3.3848279326802304	1.5523737754333067	0.12182868625973382	0.2838482793268023	0.06656618939964816
-57	3.4074353177593566	1.623963828183872	0.12685254961065068	0.27756845013815623	0.06907812107510658
-56	3.46646571213263	1.6289876915347885	0.13564431047475517	0.26124089424767644	0.06907812107510658
-55	3.502888721426777	1.6402913840743516	0.1394122079879428	0.25119316754584275	0.06531022356191893
-54	3.580758603365988	1.623963828183872	0.15322783220296415	0.24114544084400902	0.07912584777694029
-53	3.617181612660135	1.6327555890479766	0.1632755589047979	0.22356191911580003	0.08666164280331559
-52	3.672444109520221	1.6076362722933921	0.17834714895754844	0.2135141924139663	0.09042954031650322
-51	3.732730469731223	1.630243657372518	0.16829942225571473	0.21979402160261235	0.09042954031650322
-50	3.8055764883195176	1.6428033157498103	0.16704345641798551	0.22732981662898766	0.09419743782969084
-49	3.8231600100477268	1.6968098467721664	0.1657874905802563	0.2323536799799045	0.09042954031650322
-48	3.9123335845265004	1.7608641044963567	0.16327555890479786	0.23486561165536296	0.08917357447877398
-47	4.037930168299423	1.7696558653604613	0.1519718663652349	0.2549610650590304	0.07912584777694028
-46	4.099472494348154	1.845013815624214	0.158251695553881	0.2662647575985933	0.08666164280331554
-45	4.1585028887214275	1.86762120070334	0.15699572971615178	0.276312484300427	0.0929414719919616
-44	4.26525998492841	1.8588294398392358	0.16201959306706865	0.2926400401909068	0.09042954031650316
-43	4.356945491082643	1.8349660889223807	0.1595076613916102	0.3202712886209495	0.08791760864104474
-42	4.432303441346396	1.8789248932429032	0.1595076613916102	0.3152474252700327	0.09796533534287845
-41	4.5415724692288375	1.8977643808088416	0.15573976387842256	0.30143180105501133	0.0941974378296908
-40	4.718663652348656	1.934187390102989	0.16327555890479784	0.2863602110022608	0.08038181361466944
-39	4.898266767143934	1.9442351168048222	0.15573976387842253	0.27756845013815623	0.08414971112785707
-38	5.021351419241396	2.009545340366741	0.16453152474252705	0.26626475759859336	0.09168550615423236
-37	5.187138909821653	2.0346646571213256	0.17332328560663152	0.26375282592313487	0.08791760864104473
-36	5.359206229590555	2.0032655111780953	0.18337101230846525	0.270032655111781	0.08289374529012786
-35	5.501130369253955	2.0283848279326797	0.16829942225571468	0.27505651846269785	0.09294147199196157
-34	5.661893996483295	2.1062547098718913	0.16704345641798546	0.2738005526249686	0.09042954031650313
-33	5.944486309972367	2.1276061291132877	0.16201959306706862	0.2725445867872394	0.08666164280331548
-32	6.144184878171313	2.1640291384074346	0.15825169555388097	0.2612408942476765	0.08540567696558626
-31	6.34011554885707	2.2996734488821895	0.15322783220296413	0.26249686008540574	0.08666164280331548
-30	6.57874905802562	2.390102989198693	0.1670434564179855	0.2725445867872394	0.08289374529012784
-29	6.730720924390854	2.465460939462446	0.16829942225571468	0.25998492840994725	0.08414971112785706
-28	6.81738256719417	2.5671941723185125	0.18337101230846525	0.26626475759859336	0.08414971112785705
-27	6.941723185129362	2.670183371012308	0.1909068073348405	0.28384827932680234	0.08414971112785705
-26	7.094951017332328	2.73046973122331	0.19467470484802815	0.293896006028636	0.08540567696558625
-25	7.162773172569705	2.7945239889475	0.20095453403667424	0.293896006028636	0.09670936950514916
-24	7.236875156995728	2.8535543833207733	0.19969856819894502	0.32906304948505405	0.11303692539562896
-23	7.295905551369001	2.887465460939462	0.1959306706857574	0.3315749811605125	0.12434061793519187
-22	7.401406681738256	2.8749058025621697	0.19090680733484056	0.3152474252700327	0.1557397638784222
-21	7.45792514443607	2.879929665913086	0.19216277317256977	0.30394373273046976	0.16955538809344356
-20	7.540818889726198	2.912584777694046	0.18588294398392372	0.3064556644059282	0.17834714895754808
-19	7.641296156744533	2.945239889475006	0.18965084149711137	0.2800803818136147	0.17834714895754808
-18	7.804571715649331	2.9854307962823414	0.1909068073348406	0.2763124843004271	0.18085908063300654
-17	7.925144436071337	3.054508917357448	0.18337101230846534	0.28761617683998997	0.1620195930670683
-16	8.089675960813864	3.132378799296659	0.18588294398392377	0.2813363476513439	0.1695553880934436
-15	8.30067822155237	3.2089927153981415	0.18462697814619458	0.2976639035418237	0.16327555890479753
-14	8.550615423260485	3.269279075609144	0.18588294398392377	0.32152725445867875	0.15573976387842223
-13	8.702587289625722	3.3622205476011056	0.19341873901029907	0.34413463953780454	0.14318010550113008
-12	8.884702336096456	3.4476262245666915	0.19718663652348672	0.34664657121326303	0.13062044712383797
-11	9.16478271791007	3.5380557648831954	0.18839487565938223	0.381813614669681	0.10173323285606606
-10	9.680984677216777	3.61215774930922	0.19718663652348672	0.40065310223561923	0.08163777945239864
-9	10.90680733484049	3.853303190153228	0.21477015825169574	0.42326048731474514	0.07284601858829413
-8	11.755840241145439	4.279075609143431	0.18588294398392383	0.45340366742024624	0.05903039437327279
-7	11.84501381562421	5.030143180105502	0.16704345641798563	0.4722431549861845	0.045214770158251434
-6	11.219542828435063	5.484802813363477	0.16704345641798565	0.47475508666164296	0.0414468726450638
-5	9.683496608892234	5.4471238382316	0.17457925144436093	0.4345641798543081	0.0414468726450638
-4	7.032152725445864	4.878171313740266	0.15573976387842275	0.4571715649334339	0.11052499372017055
-3	4.615674453654856	3.962572218035669	0.22230595327807107	0.4584275307711631	0.2160261240894245
-2	2.7957799547852256	2.6551117809595572	0.28008038181361494	0.4961065059030396	0.31022356191911554
-1	1.5322783220296368	1.567445365486058	0.2976639035418239	0.5287616176839992	0.41572469228836956
0	0.88796784727455	0.9532780708364725	0.3165033911077621	0.5714644561667925	0.47726701833710106
1	0.6380306455664364	0.7045968349660884	0.345390605375534	0.5676965586536049	0.44837980406932915
2	0.5149459934689734	0.5940718412459176	0.32655111780959584	0.5953278070836475	0.38558151218286846
3	0.5400653102235576	0.5538809344385827	0.31650339110776216	0.6430545089173577	0.3278070836473246
4	0.6443104747550825	0.5576488319517703	0.31901532278322053	0.7422758100979655	0.2398894750062796
5	0.7447877417734196	0.5827681487063546	0.31399145943230367	0.920622959055514	0.1858829439839234
6	0.8138658628485264	0.6706857573473995	0.32152725445867897	1.0700828937452904	0.14318010550113017
7	0.9444863099723646	0.7359959809093187	0.3139914594323037	1.19819140919367	0.11931675458427511
8	1.0713388595830153	0.8301934187390098	0.30268776689274074	1.268525496106506	0.10047726701833692
9	1.1680482290881646	0.9256468224064299	0.30143180105501155	1.2609897010801308	0.09042954031650322
10	1.2559658377292098	1.0273800552624963	0.2989198693795531	1.1492087415222307	0.09419743782969087
11	1.3890982165285064	1.078874654609394	0.28133634765134413	1.0273800552624972	0.09922130118060772
12	1.4745038934940928	1.1404169806581255	0.2700326551117812	0.8829439839236375	0.09545340366742008
13	1.5297663903541783	1.1718161266013558	0.2474252700326554	0.7322280833961319	0.09294147199196165
14	1.5197186636523443	1.178095955790002	0.23988947500628016	0.6166792263250442	0.10047726701833692
15	1.5322783220296363	1.160512434061793	0.20974629490077903	0.5601607636272297	0.10173323285606614
16	1.489575483546843	1.1303692539562917	0.19216277317257002	0.5199698568198948	0.09922130118060772
17	1.4707359959809048	1.1052499372017075	0.17457925144436104	0.4885707108766645	0.10298919869379537
18	1.4745038934940926	1.061291132881185	0.1796031147952779	0.49359457422758135	0.10424516453152459
19	1.4870635518713846	1.0286360211002255	0.17457925144436107	0.4910826425521229	0.10047726701833695
20	1.4795277568450091	1.026124089424767	0.1871389098216532	0.4722431549861847	0.09294147199196165
21	1.4933433810600305	1.0060286360210995	0.1959306706857577	0.4534036674202465	0.09294147199196165
22	1.495855312735489	1.009796533534287	0.2022104998744038	0.43958804320522515	0.08666164280331559
23	1.4883195177091137	1.0223561919115793	0.20472243154986222	0.4144687264506409	0.08163777945239874
24	1.4920874152223014	1.0587792012057264	0.19718663652348695	0.385581512182869	0.0791258477769403
25	1.5146948003014273	1.0638030645566434	0.18713890982165324	0.3692539562923892	0.08038181361466952
26	1.5297663903541778	1.1090178347148951	0.19090680733484086	0.3592062295905555	0.0791258477769403
27	1.5322783220296363	1.1240894247676456	0.1959306706857577	0.37804571715649365	0.08414971112785716
28	1.5398141170560116	1.1253453906053748	0.18839487565938243	0.40316503391107794	0.09168550615423245
29	1.5611655362974082	1.0952022104998735	0.19216277317257005	0.4471238382316004	0.09419743782969088
30	1.5800050238633465	1.096458176337603	0.18211504647073634	0.4709871891484555	0.10424516453152458
31	1.6026124089424723	1.080130620447123	0.16829942225571498	0.5061542326048736	0.10298919869379537
32	1.6390354182366196	1.044963576990705	0.1632755589047981	0.5124340617935197	0.10424516453152459
33	1.6365234865611609	1.0512434061793512	0.1632755589047981	0.5136900276312488	0.10675709620698301
34	1.6340115548857024	1.0650590303943726	0.15699572971615208	0.4948505400653106	0.10801306204471224
35	1.612660135644306	1.05249937201708	0.16453152474252736	0.47852298417483086	0.10675709620698304
36	1.6114041698065769	1.016076362722933	0.1657874905802566	0.4320522481788499	0.11680482290881675
37	1.612660135644306	0.998492840994724	0.17081135393117344	0.39688520472243194	0.12434061793519205
38	1.600100477267014	0.9821652851042444	0.18211504647073634	0.3566942979150971	0.13187641296156732
39	1.6151720673197645	0.9595579000251184	0.18211504647073634	0.332830946998242	0.13438834463702576
40	1.6641547349912038	0.9444863099723679	0.1796031147952779	0.3051996985681993	0.1394122079879426
41	1.7169053001758308	0.9595579000251184	0.18965084149711162	0.3089675960813869	0.13815624215021338
42	1.7784476262245623	0.9670936950514937	0.18713890982165318	0.31022356191911615	0.13438834463702576
43	1.8211504647073558	0.992213011806078	0.17332328560663185	0.3340869128359712	0.1281085154483797
44	1.8487817131373983	1.0148203968852039	0.17583521728209028	0.339110776186888	0.12685254961065048
45	1.8638533031901487	1.0173323285606624	0.19216277317257008	0.37804571715649365	0.11429289123335833
46	1.8437578497864813	1.008540567696558	0.17960311479527796	0.40316503391107794	0.11680482290881675
47	1.7997990454659587	1.032403918613413	0.1833710123084656	0.4144687264506409	0.10801306204471225
48	1.8123587038432507	1.0097965335342873	0.18965084149711162	0.39814117056016113	0.10424516453152462
49	1.8374780205978354	0.9758854559155985	0.19467470484802846	0.37427781964330603	0.10298919869379539
50	1.865109269027878	0.9922130118060781	0.17709118311981945	0.339110776186888	0.11429289123335833
51	1.9279075609143388	0.979653353428786	0.1808590806330071	0.3051996985681993	0.1117809595578999
52	1.9693544335594027	0.979653353428786	0.1708113539311734	0.27128862094951056	0.12182868625973362
53	2.014569203717654	0.9809093192665153	0.1632755589047981	0.26500879176086445	0.12182868625973362
54	2.0158251695553835	0.9934689776438075	0.15825169555388124	0.28133634765134424	0.12434061793519205
55	1.988193921125341	0.9909570459683492	0.16829942225571498	0.2763124843004274	0.11429289123335833
56	1.9366993217784434	1.014820396885204	0.16704345641798576	0.280080381813615	0.1117809595578999
57	1.915347902537047	1.0072846018588286	0.1720673197689026	0.3001758352172824	0.10801306204471225
58	1.8801808590806288	1.0411956794775175	0.18337101230846556	0.30268776689274085	0.10298919869379541
59	1.8663652348656072	1.067570962069831	0.17332328560663185	0.30645566440592853	0.09796533534287857
60	1.8889726199447332	1.0487314745038927	0.1632755589047981	0.3227832202964083	0.0916855061542325
61	1.9279075609143388	1.056267269530268	0.17457925144436104	0.3227832202964083	0.08540567696558643
62	1.9618186385330276	1.0864104496357694	0.16704345641798576	0.3152474252700331	0.0741019844260235
63	2.0208490329063005	1.0838985179603111	0.16578749058025655	0.34413463953780493	0.07284601858829429
64	2.0673197689022813	1.0964581763376031	0.18462697814619472	0.36423009294147235	0.07284601858829429
65	2.1062547098718865	1.1065059030394369	0.1934187390102992	0.3843255463451397	0.07912584777694036
66	2.0974629490077823	1.1404169806581255	0.1833710123084655	0.3981411705601611	0.07535795026375272
67	2.108766641547345	1.1542326048731468	0.18337101230846553	0.4144687264506408	0.07535795026375272
68	2.125094197437825	1.1580005023863345	0.1971866365234869	0.39060537553378577	0.07159005275056507
69	2.1677970359206182	1.1642803315749806	0.18713890982165318	0.36925395629238916	0.07535795026375272
70	2.1590052750565136	1.183119819140919	0.1796031147952779	0.3629741271037431	0.06907812107510665
71	2.145189650841492	1.1693041949258975	0.16955538809344423	0.36674202461693073	0.07284601858829429
72	2.136397889977388	1.1529766390354177	0.17081135393117344	0.3755337854810352	0.07912584777694036
73	2.1263501632755544	1.1203215272544582	0.15197186636523524	0.3805576488319521	0.08791760864104485
74	2.08615925646822	1.112785732228083	0.16076362722933973	0.3629741271037431	0.08540567696558642
75	2.0735995980909276	1.125345390605375	0.16704345641798582	0.3278070836473252	0.09419743782969092
76	2.0936950514945947	1.1303692539562917	0.15950766139161052	0.32027128862094995	0.100477267018337
77	2.0974629490077823	1.1215774930921873	0.15950766139161052	0.3051996985681994	0.10424516453152463
78	2.0886711881436777	1.1366490831449378	0.15699572971615208	0.31273549359457464	0.10675709620698307
79	2.103742778196428	1.102738005526249	0.13815624215021388	0.32403918613413757	0.11554885707108756
80	2.1175584024114498	1.0776186887716648	0.133132378799297	0.344134639537805	0.12308465209746285
81	2.1326299924642003	1.067570962069831	0.14694800301431837	0.3579502637528263	0.13564431047475498
82	2.1765887967847233	1.0524993720170805	0.15197186636523524	0.35543833207736786	0.14443607133885947
83	2.2444109520221005	1.0386837478020592	0.1582516955538813	0.332830946998242	0.1469480030143179
84	2.3197689022858534	1.0612911328811852	0.16201959306706895	0.3416227078623465	0.14945993468977634
85	2.439085656870129	1.0688269279075606	0.15448379804069365	0.3290630494850544	0.13564431047475498
86	2.540818889726195	1.0763627229339359	0.16327555890479814	0.3039437327304701	0.11429289123335835
87	2.5772418990203425	1.0977141421753325	0.14694800301431837	0.29766390354182404	0.10298919869379544
88	2.5697061039939677	1.1152976639035415	0.1394122079879431	0.3077116302436577	0.10801306204471231
89	2.5408188897261956	1.1140416980658123	0.14066817382567232	0.30017583521728247	0.09545340366742017
90	2.4855563928661097	1.1391610148203966	0.14443607133885997	0.29264004019090717	0.10173323285606624
91	2.4679728711379005	1.1379050489826674	0.12434061793519254	0.2800803818136151	0.12182868625973364
92	2.4604370761115257	1.1266013564431046	0.133132378799297	0.27254458678723986	0.12308465209746285
93	2.4453654860587752	1.13413715146948	0.1419241396634015	0.26877668927405224	0.11554885707108756
94	2.4742527003265473	1.1303692539562924	0.14443607133885994	0.27756845013815673	0.12685254961065046
95	2.5006279829188607	1.1090178347148956	0.14694800301431837	0.2825923134890736	0.12559658377292127
96	2.478020597839735	1.1203215272544587	0.16076362722933973	0.2888721426777196	0.1105249937201707
97	2.478020597839735	1.0964581763376036	0.15322783220296443	0.3102235619191162	0.10801306204471228
98	2.4755086661642762	1.0801306204471237	0.14945993468977678	0.3278070836473252	0.1105249937201707
99	2.4390856568701293	1.0550113036925395	0.14694800301431837	0.32655111780959595	0.1092690278824415
100	2.4265259984928376	1.052499372017081	0.1419241396634015	0.3491585028887218	0.1105249937201707
101	2.457925144436068	1.0411956794775181	0.13941220798794307	0.35795026375282635	0.11429289123335835
102	2.4403416227078587	1.0725948254207485	0.15573976387842287	0.34036674202461736	0.1105249937201707
103	2.424014066817379	1.0776186887716652	0.15322783220296443	0.32906304948505444	0.10801306204471228
104	2.4076865109268986	1.0838985179603113	0.1595076613916105	0.34036674202461736	0.10424516453152463
105	2.3951268525496063	1.0838985179603113	0.1620195930670689	0.3227832202964083	0.10173323285606621
106	2.3712635016327512	1.0612911328811854	0.1632755589047981	0.315247425270033	0.10424516453152463
107	2.3850791258477733	1.0575232353679977	0.15071590052750597	0.31273549359457464	0.11303692539562912
108	2.4164782717910036	1.0851544837980405	0.14318010550113067	0.2951519718663656	0.11303692539562912
109	2.466716905300172	1.135393117307209	0.14066817382567223	0.28636021100226106	0.10675709620698307
110	2.498116051243403	1.135393117307209	0.13941220798794302	0.2964079377040948	0.10801306204471228
111	2.498116051243403	1.1667922632504393	0.13313237879929696	0.3051996985681993	0.09670936950514937
112	2.5081637779452364	1.2283345892991708	0.14192413966340145	0.3051996985681993	0.08791760864104486
113	2.558402411454405	1.2270786234614417	0.15699572971615203	0.3077116302436577	0.08289374529012801
114	2.5910575232353645	1.230846520974629	0.1632755589047981	0.2951519718663656	0.09042954031650327
115	2.6224566691785944	1.2735493594574225	0.1720673197689026	0.29264004019090717	0.08414971112785721
116	2.6551117809595537	1.3087164029138405	0.17457925144436104	0.2913840743531779	0.08917357447877407
117	2.6990705852800767	1.288620949510173	0.17834714895754866	0.2976639035418239	0.08791760864104485
118	2.7241899020346603	1.3124843004270281	0.17960311479527785	0.30896759608138685	0.08666164280331565
119	2.7618688771665365	1.3099723687515699	0.17206731976890258	0.2989198693795531	0.08540567696558642
120	2.7719166038683705	1.3162521979402158	0.17583521728209023	0.2938960060286363	0.09042954031650328
121	2.8447626224566647	1.288620949510173	0.17709118311981942	0.2901281085154486	0.09419743782969092
122	2.9402160261240846	1.2810851544837978	0.17834714895754863	0.2976639035418239	0.09922130118060778
123	3.0218538055764834	1.282341120321527	0.17709118311981945	0.3077116302436576	0.09670936950514934
124	3.045717156493338	1.288620949510173	0.1896508414971116	0.32278322029640816	0.0929414719919617
125	3.1122833458929864	1.2936448128610898	0.17583521728209023	0.3177593569454913	0.09042954031650327
126	3.2089927153981366	1.311228334589299	0.1720673197689026	0.33031901532278346	0.08917357447877405
127	3.2403918613413665	1.3250439588043204	0.16955538809344417	0.32906304948505427	0.10047726701833697
128	3.2391358955036367	1.3627229339361968	0.16955538809344417	0.32152725445867897	0.09922130118060776
129	3.26551117809595	1.3865862848530517	0.15197186636523516	0.33785481034915876	0.09042954031650326
130	3.294398392363722	1.4004019090680728	0.15699572971615203	0.3416227078623464	0.09294147199196168
131	3.2391358955036367	1.4104496357699066	0.16955538809344417	0.327807083647325	0.0854056769655864
132	3.240391861341365	1.419241396634011	0.1720673197689026	0.3127354935945745	0.07535795026375271
133	3.261743280582762	1.401657874905802	0.15448379804069362	0.3114795277568453	0.0854056769655864
134	3.304446119065555	1.4117056016076357	0.16453152474252736	0.3051996985681992	0.10298919869379539
135	3.2918864606882634	1.4016578749058017	0.1770911831198195	0.321527254458679	0.10801306204471224
136	3.310725948254201	1.3840743531775925	0.16578749058025657	0.31901532278322053	0.11931675458427515
137	3.2818387339864294	1.3953780457171554	0.15448379804069362	0.34287867370007563	0.12057272042200436
138	3.1989449886963013	1.389098216528509	0.16829942225571498	0.3579502637528262	0.12057272042200436
139	3.1587540818889663	1.365234865611654	0.1695553880934442	0.3604621954282846	0.11303692539562908
140	3.1210751067570897	1.3614669680984666	0.16704345641798576	0.35418236623963856	0.10550113036925382
141	3.097211755840235	1.3828183873398632	0.17457925144436104	0.3780457171564936	0.10173323285606617
142	3.1122833458929855	1.3740266264757586	0.17834714895754866	0.36799799045465986	0.10926902788244146
143	3.2002009545340306	1.3664908314493835	0.18588294398392397	0.3516704345641801	0.11303692539562908
144	3.2906304948505345	1.3765385581512173	0.1833710123084655	0.3504144687264509	0.1168048229088167
145	3.4451142928912275	1.399145943230343	0.17709118311981945	0.3529264004019093	0.1268525496106504
146	3.594574227581004	1.4619442351168037	0.16704345641798574	0.34287867370007563	0.12936448128610883
147	3.7289625722180295	1.5624215021351409	0.16704345641798574	0.3516704345641801	0.13313237879929646
148	3.8093443858326994	1.6829942225571457	0.1544837980406936	0.37302185380557673	0.13062044712383805
149	3.821904044209991	1.7759356945491078	0.15950766139161043	0.3755337854810352	0.1343883446370257
150	3.775433308214011	1.8173825671941721	0.16201959306706887	0.36674202461693073	0.13313237879929649
151	3.7201708113539254	1.80482290881688	0.17457925144436098	0.37050992213011835	0.12810851544837965
