	('UUUUU', ['UUUUU'])	('UUUUU_1', ['GUUUU', 'UAUUU', 'UUAUU', 'UUUAU', 'UUUGU', 'UUUUA'])	('UUUU', ['AUUUU', 'CUUUU', 'UUUUC', 'UUUUG'])	('GGCGG', ['GCGGG', 'GGCGG', 'GGGCG', 'UCGCC', 'UCUCG'])	('GAGAC', ['GAGAC', 'GGUGG', 'GUCUC', 'UCUUG'])
-145	0.5163978981699582	1.277405327052002	0.9548831310019932	0.6903424533429968	0.6486682369994565
-144	0.51277405327052	1.3136437760463853	0.9077731473092954	0.7102736002899074	0.6559159267983331
-143	0.51277405327052	1.2955245515491938	0.8842181554629462	0.7320166696865372	0.6486682369994565
-142	0.5055263634716434	1.2701576372531256	0.8679108534154739	0.7410762819351331	0.6921543757927162
-141	0.500090596122486	1.2955245515491935	0.880594310563508	0.7302047472368182	0.6849066859938397
-140	0.49646675122304773	1.3190795433955427	0.8842181554629462	0.7138974451893458	0.6957782206921547
-139	0.500090596122486	1.3227033882949808	0.8860300779126653	0.7066497553904693	0.7012139880413121
-138	0.4946548287733286	1.3245153107446999	0.9005254575104186	0.6812828410944011	0.6885305308932781
-137	0.4855952165247328	1.339010690342453	0.9168327595578909	0.6486682369994563	0.6722232288458057
-136	0.4928429063236094	1.2864649393005976	0.9113969922087334	0.6758470737452436	0.6776589961949632
-135	0.4801594491755754	1.2520384127559336	0.9077731473092951	0.6867186084435584	0.6903424533429972
-134	0.4547925348795073	1.233919188258742	0.9403877514042399	0.6685993839463669	0.6830947635441205
-133	0.4547925348795073	1.233919188258742	0.9603188983511506	0.6504801594491753	0.7102736002899077
-132	0.4529806124297882	1.221235731110708	0.987497735096938	0.659539771697771	0.6867186084435588
-131	0.4547925348795073	1.208552273962674	0.9820619677477804	0.6251132451531072	0.7084616778401887
-130	0.4457329226309115	1.1940568943649208	0.9566950534517122	0.610617865555354	0.6885305308932779
-129	0.4439210001811923	1.2013045841637973	0.9421996738539591	0.6287370900525455	0.6794709186446821
-128	0.4439210001811923	1.183185359666606	0.9077731473092951	0.6577278492480519	0.6595397716977714
-127	0.43486138793259654	1.1886211270157634	0.8914658452618227	0.6740351512955243	0.664975539046929
-126	0.4421090777314731	1.232107265809023	0.895089690161261	0.6849066859938393	0.6396086247508609
-125	0.440297155281754	1.2629099474542484	0.9621308208008698	0.6758470737452436	0.6450443921000183
-124	0.451168689980069	1.2592861025548103	0.9784381228483421	0.6776589961949627	0.6377967023011417
-123	0.4439210001811923	1.2629099474542484	0.9820619677477804	0.6794709186446818	0.6142417104547928
-122	0.4529806124297881	1.230295343359304	0.953071208552274	0.7012139880413116	0.6124297880050735
-121	0.4439210001811924	1.2266714984598657	0.8987135350606994	0.7211451349882223	0.6015582533067587
-120	0.4258017756840008	1.1922449719152017	0.8552273962674398	0.7356405145859755	0.616053632904512
-119	0.40224678383765183	1.1904330494654825	0.8262366370719334	0.742888204384852	0.6486682369994566
-118	0.38593948179017945	1.1668780576191335	0.8280485595216526	0.755571661532886	0.6414205472005801
-117	0.3750679470918646	1.1777495923174484	0.8298604819713719	0.7120855227396264	0.628737090052546
-116	0.3424533429969198	1.146946910672223	0.8660989309657549	0.7030259104910306	0.617865555354231
-115	0.3587606450443922	1.1523826780213804	0.8407320166696868	0.7030259104910306	0.6124297880050736
-114	0.3660083348432687	1.146946910672223	0.8606631636165976	0.6758470737452431	0.5780032614604098
-113	0.38050371444102193	1.1976807392643591	0.8443558615691252	0.6178655553542303	0.5743794165609716
-112	0.3768798695415837	1.2248595760101462	0.8334843268708102	0.6251132451531068	0.5924986410581631
-111	0.36057256749411126	1.2375430331581803	0.818988947273057	0.6124297880050728	0.6214894002536695
-110	0.3297698858488857	1.2266714984598655	0.842543939119406	0.5834390288095663	0.5834390288095673
-109	0.33158180829860495	1.2031165066135165	0.8244247146222143	0.5761913390106898	0.6015582533067588
-108	0.33701757564776236	1.146946910672223	0.8244247146222143	0.5834390288095663	0.6196774778039504
-107	0.32976988584888567	1.1233919188258739	0.8660989309657549	0.5635078818626557	0.6178655553542314
-106	0.34607718789635805	1.125203841275593	0.8715346983149124	0.5616959594129366	0.5798151839101291
-105	0.34970103279579634	1.1795615147671676	0.8606631636165976	0.5689436492118132	0.5943105635078824
-104	0.3315818082986048	1.199492661714078	0.9186446820076103	0.5761913390106898	0.5834390288095673
-103	0.3279579633991665	1.2520384127559336	0.9693785105997466	0.5689436492118132	0.5816271063598482
-102	0.3333937307483239	1.2882768617503166	1.0056169595941296	0.5671317267620941	0.5780032614604098
-101	0.3388294980974814	1.2991483964486314	1.0309838738901975	0.5653198043123748	0.5725674941112523
-100	0.33339373074832396	1.2248595760101464	1.0672223228845805	0.5780032614604089	0.568943649211814
-99	0.3442652654466388	1.181373437216887	1.0183004167421632	0.5598840369632174	0.5598840369632182
-98	0.3370175756477622	1.1324515310744698	0.9603188983511505	0.5653198043123748	0.5290813553179926
-97	0.3352056531980431	1.0472911759376697	0.8987135350606991	0.5671317267620941	0.5290813553179927
-96	0.32976988584888556	1.0092408044935675	0.8842181554629459	0.5508244247146217	0.520021743069397
-95	0.34245334299691965	1.0581627106359845	0.8352962493205288	0.5254575104185536	0.5236455879688353
-94	0.3569487225946729	1.0654104004348612	0.8280485595216522	0.5236455879688344	0.5218336655191161
-93	0.3805037144410219	1.0925892371806485	0.838920094219967	0.5019025185722046	0.5290813553179927
-92	0.3859394817901794	1.1415111433230656	0.8660989309657543	0.49646675122304706	0.5236455879688353
-91	0.3949990940387751	1.1741257474180105	0.8516035513680009	0.4747236818264173	0.5689436492118142
-90	0.4113063960862474	1.1233919188258743	0.8461677840188434	0.4439210001811917	0.5906867186084439
-89	0.4258017756840006	1.1161442290269976	0.828048559521652	0.4493567675303492	0.5961224859576013
-88	0.43123754303315814	1.0799057800326146	0.8479797064685627	0.4765356042761365	0.6088059431056354
-87	0.4384852328320347	1.0635984779851424	0.8479797064685627	0.4801594491755748	0.6142417104547928
-86	0.4566044573292262	1.0690342453342998	0.8588512411668777	0.49103098387388966	0.6196774778039502
-85	0.4747236818264177	1.0998369269795254	0.8679108534154734	0.5091502083710813	0.5979344084073205
-84	0.4620402246783836	1.1324515310744703	0.9132089146584521	0.5019025185722047	0.6269251676028269
-83	0.4439210001811921	1.1849972821163255	0.9222685269070479	0.4529806124297876	0.6450443921000184
-82	0.45298061242978793	1.1994926617140789	0.9295162167059244	0.4475448450806302	0.6794709186446823
-81	0.4602283022286645	1.1904330494654831	0.9240804493567669	0.4475448450806302	0.6812828410944014
-80	0.4566044573292262	1.1831853596666064	0.9784381228483415	0.4421090777314727	0.7012139880413121
-79	0.4747236818264177	1.1958688168146403	0.9893096575466565	0.4439210001811918	0.7066497553904696
-78	0.49284290632360933	1.192244971915202	1.0237361840913204	0.4747236818264174	0.7138974451893463
-77	0.4855952165247327	1.1886211270157636	1.054538865736546	0.4656640695778216	0.7012139880413123
-76	0.4511686899800688	1.2013045841637975	1.0871534698314909	0.4710998369269791	0.6939662982424357
-75	0.4312375430331582	1.2248595760101466	1.1052726943286824	0.48197137162529397	0.6921543757927165
-74	0.4149302409856859	1.264721869903968	1.0925892371806483	0.4837832940750131	0.6939662982424357
-73	0.404058706287371	1.2574741801050915	1.0690342453342994	0.49103098387388966	0.699402065591593
-72	0.41130639608624764	1.3063960862475086	1.054538865736546	0.5000905961224855	0.7084616778401889
-71	0.4384852328320349	1.3408226127921725	1.0799057800326142	0.494654828773328	0.6867186084435589
-70	0.4457329226309115	1.3317630005435768	1.0998369269795247	0.518209820619677	0.7012139880413122
-69	0.43848523283203483	1.3281391556441384	1.125203841275593	0.5109621308208003	0.697590143141874
-68	0.4457329226309114	1.3498822250407683	1.1197680739264355	0.5200217430693962	0.7138974451893463
-67	0.45298061242978804	1.335386845443015	1.0998369269795247	0.5508244247146218	0.661351694147491
-66	0.4584163797789455	1.3444464576916109	1.0708461677840184	0.5689436492118134	0.6812828410944016
-65	0.4819713716252945	1.360753759739083	1.0146765718427246	0.541764812466026	0.6685993839463675
-64	0.5073382859213627	1.3553179923899255	1.0237361840913206	0.5472005798151834	0.6885305308932781
-63	0.5145859757202393	1.3408226127921723	1.0255481065410397	0.5272694328682729	0.6957782206921547
-62	0.5236455879688351	1.3317630005435768	1.0038050371444098	0.4874071389744515	0.7374524370356952
-61	0.5327052002174308	1.2937126290994745	0.9784381228483419	0.4638521471281024	0.7410762819351334
-60	0.5254575104185543	1.2882768617503169	0.991121579996376	0.4620402246783833	0.733828592136257
-59	0.5363290451168692	1.315455698496104	0.9748142779489035	0.4620402246783833	0.6903424533429973
-58	0.5780032614604097	1.3335749229932956	0.9947454248958142	0.4475448450806301	0.6631636165972099
-57	0.6069940206559161	1.3770610617865553	1.0599746330857036	0.458416379778945	0.6595397716977716
-56	0.6377967023011417	1.3969922087334659	1.101648849429244	0.5019025185722047	0.6088059431056353
-55	0.6830947635441205	1.4114875883312192	1.101648849429244	0.5453886573654644	0.592498641058163
-54	0.7084616778401887	1.4277948903786917	1.1052726943286824	0.563507881862656	0.6015582533067587
-53	0.675847073745244	1.4477260373256022	1.1306396086247505	0.6051820982061964	0.594310563507882
-52	0.6685993839463673	1.480340641420547	1.1197680739264357	0.6396086247508602	0.5852509512592863
-51	0.6849066859938397	1.5618771516579089	1.0980250045298061	0.6214894002536687	0.6414205472005801
-50	0.6631636165972099	1.6361659720963941	1.119768073926436	0.6069940206559155	0.6649755390469291
-49	0.6359847798514228	1.6379778945461134	1.168689980068853	0.6214894002536686	0.6649755390469291
-48	0.6595397716977717	1.6742163435404964	1.168689980068853	0.6196774778039496	0.6541040043486142
-47	0.6450443921000184	1.7086428700851601	1.1614422902699766	0.6051820982061964	0.6613516941474907
-46	0.6106178655553546	1.694147490487407	1.2085522739626744	0.614241710454792	0.6685993839463673
-45	0.6251132451531077	1.6796521108896538	1.2212357311107085	0.6196774778039494	0.6740351512955247
-44	0.6740351512955248	1.7140786374343175	1.2194238086609892	0.6051820982061963	0.688530530893278
-43	0.7066497553904696	1.7575647762275772	1.252038412755934	0.5961224859576005	0.7084616778401888
-42	0.7628193513317632	1.8264178293169049	1.3281391556441384	0.5906867186084431	0.7211451349882229
-41	0.8407320166696867	1.8662801232107262	1.4223591230295343	0.5671317267620942	0.7157093676390653
-40	0.9150208371081717	1.9532524007972456	1.5111433230657725	0.563507881862656	0.7374524370356952
-39	1.000181192244972	2.043848523283203	1.569124841456785	0.5689436492118135	0.74832397173401
-38	1.0654104004348617	2.129008878420003	1.6633448088421812	0.5852509512592858	0.7392643594854142
-37	1.165066135169415	2.1724950172132633	1.6923355680376875	0.5979344084073199	0.7247689798876611
-36	1.2520384127559343	2.2214169233556804	1.7068309476354409	0.6178655553542306	0.7302047472368185
-35	1.3498822250407685	2.310201123391919	1.7466932415292622	0.6033701757564774	0.7102736002899078
-34	1.4459141148758836	2.411668780576192	1.8082986048197136	0.5671317267620944	0.7211451349882229
-33	1.558253306758471	2.5294437398079364	1.839101286464939	0.5544482696140604	0.7573835839826059
-32	1.643413661895271	2.6037325602464216	1.9025185722051092	0.550824424714622	0.7682551186809208
-31	1.7340097843812283	2.7722413480703025	1.9677477803949983	0.5580721145134986	0.7501358941837293
-30	1.8354774415655009	2.8900163073020475	2.0076100742888197	0.5707555716615327	0.7682551186809208
-29	1.909766262003986	2.90632360934952	2.0529081355317986	0.6305490125022646	0.7465120492842908
-28	1.973183547744156	2.967928972639972	2.072839282478709	0.6486682369994561	0.7302047472368185
-27	2.031165066135169	3.031346258380142	2.145316180467475	0.6849066859938391	0.7193332125385036
-26	2.081898894727305	3.071208552273963	2.1960500090596113	0.7066497553904689	0.7410762819351334
-25	2.0692154375792713	3.0820800869722778	2.266714984598658	0.7247689798876604	0.7755028084797972
-24	2.0982061967747776	3.105635078818627	2.2902699764450074	0.7084616778401882	0.8316724044210909
-23	2.1018300416742157	3.112882768617504	2.3228845805399523	0.6957782206921543	0.8244247146222143
-22	2.109077731473092	3.1708642870085164	2.3627468744337734	0.6885305308932778	0.8733466207646314
-21	2.1416923355680373	3.2451531074470017	2.41348070302591	0.6722232288458054	0.8697227758651931
-20	2.26309113969922	3.3031346258380148	2.4026091683275945	0.6957782206921544	0.8443558615691249
-19	2.3047653560427603	3.4046022830222875	2.442471462221416	0.7157093676390651	0.8371081717702482
-18	2.4370356948722587	3.4861387932596495	2.4315999275231013	0.750135894183729	0.8733466207646312
-17	2.572929878601195	3.5169414749048755	2.4533429969197313	0.7628193513317629	0.8787823881137887
-16	2.7088240623301316	3.5133176300054374	2.487769523464395	0.7936220329769885	0.9240804493567676
-15	2.810291719514404	3.589418372893642	2.547562964305127	0.8026816452255842	0.953071208552274
-14	2.9371262909947444	3.674578728030442	2.5765537235006333	0.8316724044210906	0.9838738901974995
-13	2.9769885848885655	3.7343721688711744	2.7233194419278846	0.8534154738177204	1.0038050371444103
-12	3.087515854321434	3.792353687262188	2.7668055807211447	0.8443558615691247	1.000181192244972
-11	3.1726762094582344	3.9445551730385966	2.8012321072658084	0.8534154738177204	0.9947454248958145
-10	3.3285015401340816	3.998912846530171	2.8954520746512045	0.8860300779126652	0.9675665881500273
-9	3.7506794709186444	4.268889291538325	3.1889835115057066	0.8805943105635077	0.9748142779489039
-8	4.069577822069215	4.4917557528537815	3.7724225403152736	0.8497916289182822	1.0889653922812104
-7	4.160173944555173	4.611342634535245	4.272513136437759	0.81174125747418	1.252038412755934
-6	3.8956332668961764	4.395723863018666	4.477260373256024	0.8679108534154739	1.2991483964486321
-5	3.294075013589418	3.9264359485414055	4.2942562058343885	0.8516035513680016	1.3190795433955427
-4	2.3355680376879864	3.0367820257293014	3.6782025729298766	0.9349519840550828	1.442290269976445
-3	1.4567856495741975	2.103641964123938	2.6363471643413647	1.0835296249320534	1.522014857764088
-2	0.7066497553904687	1.281029171951443	1.6560971190433036	1.2484145678564962	1.5455698496104369
-1	0.29534335930422123	0.6758470737452462	0.9403877514042387	1.259286102554811	1.6850878782388115
0	0.13408226127921669	0.37506794709186697	0.5544482696140592	1.3317630005435772	1.790179380322522
1	0.06704113063960807	0.26816452255843704	0.4167421634354037	1.3571299148396452	1.7104547925348796
2	0.054357673491573985	0.22649030621489655	0.3515129552455142	1.355317992389926	1.6071752129008878
3	0.07428882043848466	0.21924261641601994	0.3152745062511312	1.3371987678927346	1.5401340822612792
4	0.08516035513679956	0.255481065410403	0.3116506613516929	1.3208914658452624	1.4223591230295343
5	0.0924080449356762	0.2880956695053477	0.3315818082986036	1.3553179923899261	1.478528718970828
6	0.10509150208371025	0.3207102736002925	0.35876064504439087	1.3553179923899263	1.6361659720963941
7	0.11958688168146347	0.35513680014495635	0.37687986954158237	1.3371987678927346	1.7140786374343175
8	0.1304584163797784	0.3968110164884969	0.4149302409856846	1.2991483964486323	1.7539409313281389
9	0.1522014857764082	0.40224678383765433	0.491030983873889	1.308208008697228	1.8010509150208367
10	0.18481608987135295	0.3949990940387777	0.5453886573654636	1.2429788005073386	1.7285740170320707
11	0.20474723681826362	0.4258017756840033	0.5780032614604083	1.1831853596666067	1.5093314006160532
12	0.22105453886573598	0.4656640695778247	0.6305490125022637	1.1016488494292447	1.340822612792172
13	0.22830222866461258	0.4584163797789481	0.65953977169777	1.0400434861387935	1.208552273962674
14	0.20837108171770194	0.4638521471281056	0.6577278492480509	0.9820619677477807	1.0944011596303675
15	0.1884399347707913	0.4874071389744546	0.6504801594491744	0.9258923718064869	1.0327957963399164
16	0.17756840007247637	0.47109983692698226	0.6867186084435575	0.891465845261823	1.0364196412393547
17	0.17394455517303808	0.4638521471281056	0.668599383946366	0.8733466207646314	1.040043486138793
18	0.15582533067584659	0.505526363471646	0.6504801594491745	0.8824062330132272	0.991121579996376
19	0.15944917557528487	0.5327052002174334	0.6414205472005787	0.8878420003623848	0.9530712085522739
20	0.15944917557528487	0.541764812466029	0.632360934951983	0.9005254575104189	0.8987135350606991
21	0.1630730204747232	0.5562601920637823	0.5961224859575999	0.8733466207646317	0.8479797064685629
22	0.16669686537416148	0.5725674941112546	0.608805943105634	0.8606631636165977	0.7736908860300777
23	0.1884399347707913	0.5834390288095694	0.6269251676028255	0.8352962493205295	0.7501358941837287
24	0.20474723681826362	0.62511324515311	0.6196774778039489	0.7990578003261464	0.730204747236818
25	0.21380684906685937	0.6468563145497399	0.6305490125022638	0.7755028084797975	0.6903424533429967
26	0.2174306939662977	0.6903424533429995	0.6541040043486127	0.7827504982786742	0.6740351512955243
27	0.21924261641601683	0.7338285921362591	0.6468563145497361	0.7610074288820443	0.6975901431418733
28	0.21924261641601683	0.7591955064323272	0.6251132451531063	0.7283928247870997	0.7157093676390648
29	0.21380684906685937	0.7700670411306423	0.6269251676028255	0.7193332125385039	0.7755028084797968
30	0.2174306939662977	0.7863743431781146	0.6541040043486126	0.6740351512955252	0.8117412574741799
31	0.21561877151657854	0.7972458778764295	0.6685993839463659	0.6577278492480528	0.7990578003261459
32	0.21561877151657854	0.7773147309295189	0.6631636165972085	0.6432324696502996	0.8117412574741799
33	0.19749954701938705	0.7610074288820463	0.7120855227396254	0.6486682369994571	0.8008697227758649
34	0.19568762456966787	0.7519478166334506	0.7229570574379404	0.6613516941474911	0.7356405145859755
35	0.20474723681826362	0.7410762819351356	0.6921543757927149	0.6685993839463678	0.7320166696865373
36	0.21924261641601683	0.7120855227396292	0.6722232288458041	0.6577278492480529	0.7138974451893458
37	0.22105453886573598	0.7211451349882251	0.6776589961949616	0.6649755390469295	0.6957782206921543
38	0.22286646131545512	0.7211451349882251	0.657727849248051	0.670411306396087	0.6758470737452436
39	0.23011415111433173	0.7229570574379443	0.6359847798514211	0.6631636165972103	0.7012139880413117
40	0.22286646131545512	0.7447001268345741	0.6468563145497361	0.6595397716977721	0.6957782206921543
41	0.23011415111433173	0.7863743431781145	0.6178655553542297	0.6359847798514232	0.7356405145859757
42	0.2355499184634892	0.7954339554267101	0.632360934951983	0.6287370900525466	0.7573835839826055
43	0.25366914296068066	0.8153651023736209	0.6450443921000171	0.6414205472005807	0.8063054901250226
44	0.2609168327595573	0.8316724044210935	0.6577278492480512	0.6468563145497381	0.8026816452255844
45	0.2699764450081531	0.8189889472730592	0.6396086247508597	0.6722232288458062	0.8371081717702482
46	0.2699764450081531	0.8099293350244633	0.6649755390469277	0.7120855227396274	0.8425439391194056
47	0.2808479797064681	0.8008697227758675	0.7012139880413107	0.7157093676390657	0.8280485595216523
48	0.31527450625113196	0.8026816452255868	0.6903424533429958	0.7084616778401891	0.8262366370719333
49	0.3533248776952342	0.8026816452255868	0.6867186084435575	0.6776589961949635	0.8008697227758651
50	0.3678202572929874	0.8516035513680039	0.7302047472368172	0.6377967023011422	0.7501358941837288
51	0.3805037144410215	0.8715346983149146	0.7320166696865364	0.5852509512592868	0.728392824787099
52	0.37687986954158315	0.9059612248595785	0.7229570574379407	0.5508244247146229	0.7265809023373798
53	0.3605725674941108	0.9440115963036806	0.7428882043848514	0.5272694328682739	0.70483783294075
54	0.35151295524551507	0.9421996738539613	0.7428882043848514	0.5200217430693973	0.7138974451893458
55	0.3478891103460767	0.9132089146584548	0.7102736002899066	0.5290813553179932	0.739264359485414
56	0.3279579633991661	0.8842181554629484	0.7211451349882215	0.5254575104185548	0.7320166696865373
57	0.3207102736002895	0.869722775865195	0.6975901431418725	0.5472005798151847	0.7447001268345714
58	0.29896720420365963	0.8135531799239013	0.7102736002899064	0.5472005798151847	0.7175212900887841
59	0.2844718246059065	0.7845624207283948	0.706649755390468	0.5272694328682739	0.7428882043848521
60	0.2717883674578724	0.7700670411306416	0.7012139880413104	0.5091502083710824	0.7211451349882223
61	0.28809566950534476	0.7990578003261481	0.6830947635441189	0.5363290451168696	0.7356405145859755
62	0.2971552817539405	0.8135531799239015	0.7048378329407486	0.5109621308208014	0.7138974451893455
63	0.302591049103098	0.8570393187171611	0.7175212900887827	0.5127740532705206	0.7175212900887837
64	0.30440297155281715	0.9367639065048039	0.7374524370356934	0.539952890016308	0.7048378329407496
65	0.3352056531980427	0.9675665881500295	0.7483239717340084	0.5635078818626569	0.7066497553904687
66	0.3333937307483235	0.9784381228483445	0.7755028084797957	0.5435767349157462	0.7265809023373794
67	0.327957963399166	0.9766262003986252	0.7773147309295149	0.5616959594129378	0.7265809023373794
68	0.3297698858488851	0.9838738901975018	0.7501358941837275	0.5598840369632188	0.7519478166334477
69	0.3315818082986043	0.9585069759014336	0.7483239717340084	0.5707555716615336	0.76825511868092
70	0.30802681645225527	0.9566950534517144	0.7664431962311999	0.5490125022649038	0.7610074288820435
71	0.3062148940025361	0.9349519840550844	0.7465120492842894	0.550824424714623	0.7320166696865371
72	0.3062148940025361	0.9639427432505908	0.6994020655915915	0.5580721145134996	0.7501358941837286
73	0.3116506613516936	0.9349519840550844	0.6776589961949615	0.5834390288095677	0.7138974451893455
74	0.3080268164522553	0.9222685269070503	0.6776589961949616	0.6033701757564784	0.6975901431418731
75	0.3098387389019745	0.8932777677115439	0.6903424533429957	0.6214894002536699	0.7030259104910306
76	0.31165066135169367	0.9005254575104207	0.7193332125385022	0.5943105635078826	0.7120855227396262
77	0.3225221960500086	0.8715346983149143	0.7392643594854128	0.5725674941112529	0.684906685993839
78	0.3315818082986044	0.9240804493567698	0.7338285921362554	0.5743794165609719	0.6957782206921538
79	0.3352056531980427	0.9331400616053657	0.7084616778401873	0.5363290451168699	0.6921543757927154
80	0.32614604094944694	0.9585069759014339	0.6975901431418724	0.5290813553179932	0.6812828410944005
81	0.32614604094944694	0.9802500452980636	0.6631636165972085	0.5381409675665889	0.6794709186446813
82	0.32252219605000865	0.994745424895817	0.6595397716977701	0.563507881862657	0.7193332125385028
83	0.3297698858488852	0.9911215799963786	0.6794709186446808	0.5272694328682739	0.7537597390831667
84	0.34426526544663844	1.0110527269432894	0.7211451349882213	0.5272694328682739	0.7338285921362561
85	0.3913752491393364	1.0491030983873917	0.6994020655915915	0.5182098206196781	0.708461677840188
86	0.4076825511868088	1.0599746330857065	0.7302047472368169	0.5308932777677122	0.7066497553904689
87	0.4239898532342812	1.0617865555354258	0.7392643594854127	0.5272694328682739	0.6559159267983328
88	0.41855408588512366	1.0255481065410428	0.7519478166334468	0.5163978981699591	0.6341728574017029
89	0.41855408588512366	1.007428882043851	0.7428882043848511	0.503714441021925	0.6142417104547923
90	0.4022467838376514	1.0128646493930085	0.7881862656278299	0.4946548287733292	0.6396086247508602
91	0.4004348613879323	1.0491030983873917	0.7863743431781108	0.480159449175576	0.6196774778039496
92	0.4058706287370898	1.0364196412393576	0.8262366370719321	0.46022830222866534	0.6088059431056345
93	0.4276136981337196	1.0599746330857065	0.813553179923898	0.480159449175576	0.6033701757564771
94	0.43304946548287704	1.076281935133179	0.8298604819713702	0.48740713897445265	0.635984779851422
95	0.43486138793259616	1.088965392281213	0.8226127921724936	0.49103098387389094	0.6377967023011412
96	0.44754484508063025	1.0309838738902002	0.8371081717702469	0.4982786736727675	0.6486682369994561
97	0.47109983692697927	1.0382315636890769	0.7773147309295149	0.47291175937669944	0.6649755390469284
98	0.47472368182641755	1.005616959594132	0.7809385758289531	0.46022830222866534	0.7102736002899073
99	0.47472368182641755	0.9621308208008724	0.7610074288820423	0.46385214712810363	0.7410762819351329
100	0.47291175937669844	0.9367639065048042	0.7338285921362552	0.48015944917557596	0.7519478166334477
101	0.46385214712810274	0.9603188983511531	0.7175212900887828	0.48197137162529513	0.7501358941837286
102	0.43304946548287704	0.971190433049468	0.7537597390831658	0.5290813553179932	0.7483239717340096
103	0.40949447363652813	0.9802500452980636	0.7573835839826041	0.5381409675665889	0.717521290088784
104	0.41674216343540477	0.983873890197502	0.7519478166334466	0.5345171226671506	0.6957782206921541
105	0.42398985323428134	0.9530712085522766	0.7791266533792338	0.5218336655191165	0.7084616778401882
106	0.43304946548287704	0.9512592861025574	0.7664431962311996	0.5091502083710824	0.7102736002899073
107	0.45660445732922594	0.9476354412031192	0.748323971734008	0.47472368182641844	0.6975901431418732
108	0.47291175937669827	0.9711904330494681	0.771878963580357	0.44392100018119285	0.6559159267983327
109	0.48740713897445154	1.0019931146946939	0.7899981880775485	0.4276136981337205	0.6450443921000177
110	0.5073382859213622	1.0219242616416044	0.7936220329769869	0.409494473636529	0.6196774778039496
111	0.5363290451168686	0.9947454248958174	0.8389200942199656	0.39137524913933747	0.5961224859576005
112	0.5544482696140602	1.0056169595941322	0.8950896901612595	0.40043486138793316	0.5725674941112515
113	0.5743794165609709	1.0001811922449746	0.9204566044573275	0.41855408588512466	0.5870628737090048
114	0.5834390288095668	1.0183004167421663	0.9730023554991828	0.42398985323428207	0.5870628737090048
115	0.5943105635078817	1.0780938575828982	0.9911215799963744	0.44754484508063097	0.578003261460409
116	0.5816271063598476	1.134263453524192	0.9893096575466551	0.4747236818264183	0.5906867186084431
117	0.574379416560971	1.1596303678202602	0.987497735096936	0.48197137162529485	0.612429788005073
118	0.5780032614604094	1.1976807392643625	1.0128646493930042	0.48015944917557574	0.6323609349519836
119	0.5834390288095668	1.2429788005073412	0.9893096575466552	0.48015944917557574	0.6233013227033879
120	0.5943105635078817	1.2466026454067796	0.9911215799963745	0.46928791447726076	0.6160536329045113
121	0.6196774778039498	1.2357311107084648	1.0183004167421619	0.46747599202754164	0.6033701757564772
122	0.6522920818988945	1.2574741801050944	1.0382315636890724	0.47109983692698	0.6069940206559157
123	0.6758470737452436	1.2828410944011623	1.0509150208371065	0.5145859757202396	0.5906867186084432
124	0.7030259104910307	1.277405327052005	1.0762819351331747	0.5399528900163078	0.6069940206559156
125	0.7120855227396266	1.3027722413480731	1.1179561514767151	0.5272694328682737	0.6305490125022646
126	0.7501358941837288	1.3734372168871203	1.1541946004710981	0.5182098206196779	0.6776589961949625
127	0.8044935676753033	1.4187352781300993	1.186809204566043	0.5236455879688353	0.7247689798876605
128	0.8461677840188437	1.4513498822250441	1.2013045841637962	0.5055263634716438	0.7265809023373796
129	0.8624750860663161	1.4694691067222354	1.2049284290632343	0.5109621308208012	0.7120855227396266
130	0.9005254575104182	1.489400253669146	1.1940568943649192	0.5236455879688353	0.7048378329407499
131	0.9132089146584523	1.4785287189708312	1.1831853596666044	0.5635078818626567	0.68309476354412
132	0.9313281391556438	1.4821525638702695	1.1415111433230638	0.5743794165609716	0.6631636165972095
133	0.9349519840550821	1.50208371081718	1.156006522920817	0.5562601920637801	0.6541040043486136
134	0.9675665881500268	1.5401340822612823	1.1795615147671659	0.5580721145134993	0.681282841094401
135	0.9784381228483419	1.5419460047110014	1.1813734372168851	0.5870628737090058	0.6994020655915925
136	0.9748142779489035	1.5872440659539802	1.1632542127196936	0.5616959594129376	0.7066497553904691
137	0.9222685269070482	1.583620221054542	1.2176118862112681	0.5417648124660269	0.7157093676390648
138	0.9113969922087334	1.560065229208193	1.168689980068851	0.5526363471643418	0.7628193513317628
139	0.8733466207646311	1.563689074107631	1.1288276861750295	0.5399528900163079	0.7465120492842904
140	0.860663163616597	1.516579090414933	1.1378872984236252	0.5109621308208013	0.753759739083167
141	0.8570393187171588	1.487588331219427	1.1614422902699744	0.5037144410219248	0.7628193513317626
142	0.8878420003623843	1.4857764087697078	1.168689980068851	0.5254575104185546	0.7700670411306392
143	0.9095850697590141	1.52382678021381	1.1940568943649192	0.530893277767712	0.7573835839826051
144	0.9693785105997461	1.5165790904149332	1.2755934046022812	0.5417648124660268	0.7428882043848519
145	1.0491030983873888	1.5691248414567887	1.3680014495379578	0.5598840369632184	0.7664431962312008
146	1.159630367820257	1.583620221054542	1.5147671679652093	0.5816271063598483	0.8008697227758648
147	1.2574741801050913	1.6760282659902188	1.616234825149482	0.5490125022649035	0.826236637071933
148	1.3498822250407678	1.7376336292806702	1.724950172132631	0.5417648124660269	0.8552273962674393
149	1.4024279760826233	1.8409132089146616	1.750317086428699	0.5236455879688354	0.9168327595578905
150	1.3861206740351508	1.9242616416017426	1.7177024823337539	0.5254575104185546	0.934951984055082
151	1.3190795433955422	2.0148577640877003	1.6053632904511665	0.5308932777677121	0.9150208371081712
